search_term,title,url,domain,seen_date,source_country,language,relevance_score
banking compliance,Compliance Now Key Capital in Nigeria’s Banking Sector – Fairmoney - LEADERSHIP Newspapers,https://leadership.ng,leadership.ng,2026-03-29 05:09:30,,en,4
banking compliance,AI for Regulatory Compliance in Banking: From SOX to Real-Time Monitoring - BizTech Magazine,https://biztechmagazine.com,biztechmagazine.com,2026-03-26 17:06:18,,en,4
banking compliance,Central Bank of India updates code of conduct for insider trading compliance - Business Upturn,https://www.businessupturn.com,businessupturn.com,2026-04-02 05:35:12,,en,3
financial crime controls,"New Regulatory Pressures Trigger Compliance Overhaul, Strain on Teams - Bank Info Security",https://www.bankinfosecurity.com,bankinfosecurity.com,2026-04-01 14:11:55,,en,3
anti money laundering,Countdown starts for Amla supervision - TheBanker.com,https://www.thebanker.com,thebanker.com,2026-04-01 09:31:29,,en,3
banking compliance,Banks hit 96% recapitalisation compliance as ACAMB applauds sector strength - Businessday NG,https://businessday.ng,businessday.ng,2026-03-31 17:14:34,,en,3
banking compliance,"FSCA revises compliance fees for banking, finance entities - Law.asia",https://law.asia,law.asia,2026-03-31 14:05:47,,en,3
banking compliance,ACAMB lauds banking sector’s resilience on meeting recapitalisation deadline - Premium Times Nigeria,https://www.premiumtimesng.com,premiumtimesng.com,2026-03-30 21:37:03,,en,3
banking compliance,"Beyond Compliance: How NCBA’s Dual ISO Certification Signals a New Era of Trust, Privacy, and Digital Banking Discipline - Soko Directory",https://sokodirectory.com,sokodirectory.com,2026-03-30 10:50:40,,en,3
banking compliance,ZA Bank’s Sidney Siu champions compliance by design - Asian Banking & Finance,https://asianbankingandfinance.net,asianbankingandfinance.net,2026-03-29 22:00:00,,en,3
financial crime controls,"Insider Risk, Systemic Vulnerabilities In Nigeria’s Banking Architecture - MarketForces Africa",https://dmarketforces.com,dmarketforces.com,2026-03-27 14:27:51,,en,3
banking compliance,Cardano Gains Ground with Banking Integration and Regulatory Clarity - AD HOC NEWS,https://www.ad-hoc-news.de,ad-hoc-news.de,2026-03-27 03:06:58,,en,3
cybersecurity banking,Australia Banking Market - openPR.com,https://www.openpr.com,openpr.com,2026-04-02 09:49:29,,en,2
anti money laundering,Pexa Clear opens for property AML compliance ahead - CFOtech Australia,https://cfotech.com.au,cfotech.com.au,2026-04-02 01:48:00,,en,2
anti money laundering,Amendments to the Regulations of the Federal Law for the Prevention and Identification of Operations with Resources of Illicit Origin (AML Law): Key legal implications - www.hoganlovells.com,https://www.hoganlovells.com,hoganlovells.com,2026-04-01 23:59:00,,en,2
cybersecurity banking,Banking tech data breach exposes 672K in ransomware attack - Kurt the CyberGuy,https://cyberguy.com,cyberguy.com,2026-04-01 15:03:00,,en,2
banking compliance,Abrigo Now a Nacha Preferred Partner for ACH Experience/Compliance/Risk and Fraud Prevention - Yahoo Finance Singapore,https://sg.finance.yahoo.com,sg.finance.yahoo.com,2026-04-01 14:10:00,,en,2
anti money laundering,"CBN Launches AML/CFT Supervision Pilot with Flutterwave, Paystack, KuCoin and Other VASPs - Proshare",https://proshare.co,proshare.co,2026-04-01 11:35:00,,en,2
banking compliance,"CBN Tightens Cybersecurity Rules for Banks, Sets Compliance Deadline - thewill news media",https://thewillnews.com,thewillnews.com,2026-04-01 09:40:55,,en,2
banking compliance,DataPro Advises Banks on CBN Stress Test Compliance - THISDAYLIVE,https://www.thisdaylive.com,thisdaylive.com,2026-04-01 06:37:21,,en,2
banking compliance,"CBN rolls out cybersecurity tool for banks, sets compliance deadlines - The Nation Newspaper",https://thenationonlineng.net,thenationonlineng.net,2026-04-01 05:40:23,,en,2
banking compliance,"CBN rolls out cybersecurity tool for banks, sets compliance deadlines - Tribune Online",https://tribuneonlineng.com,tribuneonlineng.com,2026-04-01 05:20:00,,en,2
anti money laundering,"AMLA, AML Regulation, and Financial Crime - Deloitte",https://www.deloitte.com,deloitte.com,2026-04-01 01:39:24,,en,2
anti money laundering,Canada’s AML Reform Advances: Bill C-12 Brings Hefty Penalties and Higher Compliance Expectations into Force - McCarthy Tétrault,https://www.mccarthy.ca,mccarthy.ca,2026-03-31 20:58:58,,en,2
banking compliance,Meet Omnilert at ABA Risk & Compliance Conference 2026 - Omnilert,https://www.omnilert.com,omnilert.com,2026-03-31 19:18:54,,en,2
anti money laundering,CrypFine Partners With Elliptic to Strengthen Blockchain Analytics and AML Compliance - Binance,https://www.binance.com,binance.com,2026-03-31 19:03:08,,en,2
banking compliance,Fino Payments Bank’s Compliance Officer Aashish Pathak Quits - Inc42,https://inc42.com,inc42.com,2026-03-31 16:25:38,,en,2
banking compliance,Co-operative Society Can Undertake Banking Activities: Kerala High Court Upholds State Co-operative... - Live Law,https://www.livelaw.in,livelaw.in,2026-03-31 13:15:44,,en,2
banking compliance,RBI Penalises Central Bank of India Over KYC and Financial Inclusion Violations - Studycafe,https://studycafe.in,studycafe.in,2026-03-31 12:33:06,,en,2
cybersecurity banking,Cyber Security Law Workshop – Banking - channeleye.media,https://channeleye.media,channeleye.media,2026-03-31 10:58:34,,en,2
banking compliance,"No TDS Below Threshold: CBDT Clarifies Banking Provisions Under Income Tax Act, 2025 - CAclubindia",https://www.caclubindia.com,caclubindia.com,2026-03-31 03:53:00,,en,2
banking compliance,Compliance is not enough: Why banks must test AI beyond legal thresholds - QA Financial,https://qa-financial.com,qa-financial.com,2026-03-31 03:39:42,,en,2
bank enforcement action,Financial system remains resilient on strong regulatory framework – Bank Negara - KLSE Screener,https://www.klsescreener.com,klsescreener.com,2026-03-31 03:20:31,,en,2
prudential regulation,"APRA reshuffle puts seasoned regulators over banking, insurance, super - Australian Broker News",https://www.brokernews.com.au,brokernews.com.au,2026-03-31 01:46:39,,en,2
banking compliance,Deutsche Bank Accelerates Compliance with AI-powered Digital Assistant - Tata Consultancy Services,https://www.tcs.com,tcs.com,2026-03-31 00:21:35,,en,2
banking compliance,Compliance officer withdraws Ghana International Bank whistleblowing claim - Global Investigations Review,https://globalinvestigationsreview.com,globalinvestigationsreview.com,2026-03-30 18:15:21,,en,2
bank enforcement action,"Intesa Sanpaolo Fined $36.4 mn Over Data Breach, Exposing Gaps in Banking Cybersecurity Controls - InfotechLead",https://infotechlead.com,infotechlead.com,2026-03-30 17:28:34,,en,2
banking compliance,"Banks step up ESG compliance ahead of 2028 deadline, insurers lag - Nairametrics",https://nairametrics.com,nairametrics.com,2026-03-30 16:22:54,,en,2
bank enforcement action,Is Wells Fargo Online Banking Down Now? Customers Face Access Issues Nationwide - International Business Times Australia,https://www.ibtimes.com.au,ibtimes.com.au,2026-03-30 14:04:28,,en,2
banking compliance,"Income tax Dept Clarifies TDS Provisions on Interest under Section 194A for Banking Institutions; Alignment with Income-tax Act, 2025 Explained - A2Z Taxcorp LLP",https://a2ztaxcorp.net,a2ztaxcorp.net,2026-03-30 12:17:34,,en,2
cybersecurity banking,"Cyber Job Moves: Security And Tech Appointments In Banking, AI, And Enterprise Systems - TechNadu",https://www.technadu.com,technadu.com,2026-03-30 11:11:17,,en,2
anti money laundering,UK Government strengthens AML and crypto controls through the Money Laundering and Terrorist Financing (Amendment) Regulations 2026 - TLT LLP,https://www.tlt.com,tlt.com,2026-03-30 09:42:00,,en,2
banking compliance,Bank of Tianjin Names Executive Director Dong Xiaodong as Chief Compliance Officer - TipRanks,https://www.tipranks.com,tipranks.com,2026-03-30 09:20:33,,en,2
banking compliance,Bangladesh Bank sets 31 Dec deadline for cybersecurity compliance - DeshkalNews,https://www.deshkalnews.com,deshkalnews.com,2026-03-30 07:51:14,,en,2
payment systems regulation,Banking Central | RBI has a message for payments industry - Moneycontrol.com,https://www.moneycontrol.com,moneycontrol.com,2026-03-30 03:36:19,,en,2
anti money laundering,Why AI-powered AML systems may be making financial crime risk invisible - ET Edge Insights,https://etedge-insights.com,etedge-insights.com,2026-03-30 00:16:12,,en,2
anti money laundering,How the EU AML package is transforming compliance for financial firms - EY,https://www.ey.com,ey.com,2026-03-29 20:48:45,,en,2
banking compliance,Union Bank of India Discloses ₹95.40 Lakh RBI Penalty for Regulatory Violations - scanx.trade,https://scanx.trade,scanx.trade,2026-03-28 02:49:54,,en,2
banking compliance,NBVI is seeking a Chief Compliance and Risk Officer - BVI News,https://bvinews.com,bvinews.com,2026-03-28 01:38:25,,en,2
banking compliance,"RBI imposes monetary penalty on 3 govt banks, Pine Labs for non-compliance with directions - ETLegalWorld.com",https://legal.economictimes.indiatimes.com,legal.economictimes.indiatimes.com,2026-03-27 17:53:57,,en,2
bank enforcement action,"Visa, Mastercard, PayPal, Stripe warned of debanking consequences - Banking Dive",https://www.bankingdive.com,bankingdive.com,2026-03-27 15:08:55,,en,2
banking compliance,"RBI fines Bank of India, Central Bank for breaking rules on loans, deposits, and KYC checks - CNBC TV18",https://www.cnbctv18.com,cnbctv18.com,2026-03-27 13:39:45,,en,2
cybersecurity banking,Canada’s banking regulator gives itself substandard score on cybersecurity - Investigative Journalism Foundation,https://theijf.org,theijf.org,2026-03-27 13:18:40,,en,2
banking compliance,"RBI Crackdown: Central Bank of India Slapped with ₹63.6 Lakh Penalty Over KYC, BSBDA Lapses - PSU Connect",https://www.psuconnect.in,psuconnect.in,2026-03-27 13:10:00,,en,2
cybersecurity banking,Banking lessons for bakers: Investing in cybersecurity - Commercial Baking,https://commercialbaking.com,commercialbaking.com,2026-03-27 13:02:21,,en,2
cybersecurity banking,Platformization strengthens UK merchant banking group’s security and accelerates digital transformation - Palo Alto Networks,https://www.paloaltonetworks.com,paloaltonetworks.com,2026-03-27 12:04:36,,en,2
prudential regulation,Bank of England streamlines reporting and disclosure requirements - Credit Connect,https://www.credit-connect.co.uk,credit-connect.co.uk,2026-03-27 07:46:09,,en,2
banking compliance,New Hampshire Mutual Bancorp VP Earns Certified Regulatory Compliance Manager Credential - Patch,https://patch.com,patch.com,2026-03-26 23:27:17,,en,2
payment systems regulation,"SCOOP: Trump pollster finds that Trump voters and the majority of Americans want payment modernization, open banking - Washington Reporter",https://washingtonreporter.news,washingtonreporter.news,2026-03-26 16:32:22,,en,2
cybersecurity banking,BoG unveils six-point strategy to strengthen cybersecurity in banking sector - MyJoyOnline,https://www.myjoyonline.com,myjoyonline.com,2026-03-26 13:52:49,,en,2
banking compliance,Financial services: key global compliance updates (4 Mar – 1 Apr) - Lexology,https://www.lexology.com,lexology.com,2026-04-02 09:11:45,,en,1
anti money laundering,Wilkes rolls out platform to strengthen anti-money laundering and compliance capabilities - Greater Birmingham Chambers of Commerce,https://www.greaterbirminghamchambers.com,greaterbirminghamchambers.com,2026-04-02 08:47:02,,en,1
anti money laundering,"AML MACHINE: A small suburban police station which dedicated just two of its officers to fighting financial crime became an “AML machine”, uncovering money laundering networks and prosecuting more than 200 suspects. The tiny team also discovered crimi - LinkedIn",https://www.linkedin.com,linkedin.com,2026-04-02 08:08:21,,en,1
cybersecurity banking,Good news for Standard Bank customers who need a smart ID - MyBroadband,https://mybroadband.co.za,mybroadband.co.za,2026-04-02 08:01:17,,en,1
bank enforcement action,JUST IN: Lagos Govt. seals Access Bank over pollution - theguildng.com,https://theguildng.com,theguildng.com,2026-04-02 07:25:37,,en,1
payment systems regulation,Tourists Beware: Europe’s New Stablecoin Regulations Will Make Paying for Your Dream Vacation Easier Than Ever! - Travel And Tour World,https://www.travelandtourworld.com,travelandtourworld.com,2026-04-02 06:09:32,,en,1
anti money laundering,(FATF): Stablecoins' Market Capitalization Reaches $300 Billion... A Potential Tool for Money Laundering - صحيفة مال,https://maaal.com,maaal.com,2026-04-02 03:36:00,,en,1
payment systems regulation,FinTech Global FS Regulatory Round-up - w/e 27 March 2026 - Herbert Smith Freehills Kramer,https://www.hsfkramer.com,hsfkramer.com,2026-04-01 23:59:43,,en,1
financial crime controls,April 01: Saxony Cybercrime Surge Puts Banks and Platforms on Alert - Meyka,https://meyka.com,meyka.com,2026-04-01 19:45:26,,en,1
anti money laundering,"CBN begins virtual asset anti-money laundering supervision, names Paystack, Flutterwave for pilot - TechCabal",https://techcabal.com,techcabal.com,2026-04-01 17:43:49,,en,1
anti money laundering,How Australia’s AML reforms are reshaping FinCrime strategies - FinTech Global,https://fintech.global,fintech.global,2026-04-01 13:23:25,,en,1
cybersecurity banking,CBN Sets Tough Timeline For Banks On Cybersecurity - Channels Television,https://www.channelstv.com,channelstv.com,2026-04-01 12:42:30,,en,1
anti money laundering,EU anti-corruption directive looks promising for joined-up regulation - FT Adviser,https://www.ftadviser.com,ftadviser.com,2026-04-01 12:13:43,,en,1
cybersecurity banking,Cenbank introduces new cybersecurity framework for financial sector - The Business Standard,https://www.tbsnews.net,tbsnews.net,2026-04-01 12:05:51,,en,1
bank enforcement action,Bank Rakyat fined RM1mil over cybersecurity and customer data lapses - scoop.my,https://www.scoop.my,scoop.my,2026-04-01 10:53:35,,en,1
cybersecurity banking,Bank Rakyat resolves Bank Negara penalty over cybersecurity incident - NST Online,https://www.nst.com.my,nst.com.my,2026-04-01 10:39:05,,en,1
bank enforcement action,"BNM fines Bank Rakyat RM1m over cybersecurity, customer data breaches - The Malaysian Reserve",https://themalaysianreserve.com,themalaysianreserve.com,2026-04-01 10:38:26,,en,1
cybersecurity banking,"Bank Negara fines Bank Rakyat RM1mil for cybersecurity, customer information protection breaches - The Star",https://www.thestar.com.my,thestar.com.my,2026-04-01 09:55:00,,en,1
bank enforcement action,"BNM Fines Bank Rakyat RM1 Mln For Cybersecurity, Customer Information Protection Breaches - Bernama",https://bernama.com,bernama.com,2026-04-01 09:49:58,,en,1
bank enforcement action,"Bank Rakyat Fined RM1 Million by BNM Over Cybersecurity, Data Safeguard Failures - Fintech News Malaysia",https://fintechnews.my,fintechnews.my,2026-04-01 09:40:20,,en,1
prudential regulation,CP6/26 – High loan to income lending - Bank of England,https://www.bankofengland.co.uk,bankofengland.co.uk,2026-04-01 09:15:32,,en,1
payment systems regulation,Russia adjusts gas payment regulations from early April - Laodong.vn,https://news.laodong.vn,news.laodong.vn,2026-04-01 08:49:31,,en,1
bank enforcement action,Controversial Death Penalty Law Sparks Fear and Criticism in the West Bank - Devdiscourse,https://www.devdiscourse.com,devdiscourse.com,2026-04-01 08:27:30,,en,1
cybersecurity banking,"SASRA warns SACCOs of heightened cyber‑attack risks during Easter, Labour Day - The Eastleigh Voice",https://eastleighvoice.co.ke,eastleighvoice.co.ke,2026-04-01 08:09:50,,en,1
financial crime controls,CSSF tightens 2026 fund supervision - Delano.lu,https://delano.lu,delano.lu,2026-04-01 07:19:28,,en,1
payment systems regulation,FINTECH AFRICA | Bank of Namibia to Launch a National Instant Payment System by June 2026 - BitKE,https://bitcoinke.io,bitcoinke.io,2026-04-01 04:00:16,,en,1
prudential regulation,FINANCIAL SYSTEM REMAINS RESILIENT ON STRONG REGULATORY FRAMEWORK - BNM - Bernama,https://www.bernama.com,bernama.com,2026-04-01 02:40:28,,en,1
anti money laundering,Japanese banks to share data on fraudulent accounts from April 2027 - The Japan Times,https://www.japantimes.co.jp,japantimes.co.jp,2026-04-01 02:14:00,,en,1
payment systems regulation,Bank account names must match ID information from April 1: Central bank - LuatVietnam,https://english.luatvietnam.vn,english.luatvietnam.vn,2026-04-01 01:23:13,,en,1
anti money laundering,Money laundering is big business — especially for banks - independentaustralia.net,https://independentaustralia.net,independentaustralia.net,2026-04-01 00:32:16,,en,1
bank enforcement action,Protests erupt in West Bank as Israel approves death penalty for Palestinians convicted of murder - Washington Times,https://www.washingtontimes.com,washingtontimes.com,2026-03-31 22:46:26,,en,1
anti money laundering,"Australia’s new AML framework kicks in today, placing greater responsibility on gambling sector - IAG – Inside Asian Gaming",https://asgam.com,asgam.com,2026-03-31 22:18:59,,en,1
prudential regulation,APRA sets 1 July start for AILP in longevity product capital rules - (Re)in Asia,https://reinasia.com,reinasia.com,2026-03-31 22:00:00,,en,1
anti money laundering,FactSet’s AI-driven AML tool reduces false positives by up to 80% - FinAi News,https://finainews.com,finainews.com,2026-03-31 20:47:16,,en,1
anti money laundering,Whistleblower program aims to enhance US money laundering enforcement - MLex,https://www.mlex.com,mlex.com,2026-03-31 20:38:00,,en,1
banking compliance,OCC Scraps Recovery Planning Standards For Big Banks - Law360,https://www.law360.com,law360.com,2026-03-31 20:16:00,,en,1
cybersecurity banking,"CBN Mandates Cybersecurity Self-Assessment For Banks, Fintechs - Arise News",https://www.arise.tv,arise.tv,2026-03-31 19:44:53,,en,1
payment systems regulation,The Eurosystem’s comprehensive payments strategy - European Central Bank,https://www.ecb.europa.eu,ecb.europa.eu,2026-03-31 15:39:12,,en,1
banking compliance,"RBI Imposes ₹36.30 Lakh Penalty on Airtel Payments Bank, Two Cooperative Banks - Moneylife",https://www.moneylife.in,moneylife.in,2026-03-31 10:27:55,,en,1
prudential regulation,Bank backed by Peter Mandelson fined £2million for 'failing to act with integrity' - MSN,https://www.msn.com,msn.com,2026-03-31 10:12:33,,en,1
financial crime controls,The underground bankers who reshape the flow of global money - Aeon,https://aeon.co,aeon.co,2026-03-31 10:02:53,,en,1
banking compliance,"Banks mandated to deduct TDS on annual interest income exceeding ₹50,000 - Taxscan",https://www.taxscan.in,taxscan.in,2026-03-31 10:01:25,,en,1
cybersecurity banking,3/31 at Camden Rotary Club: Bank Fraud Prevention - PenBay Pilot,https://www.penbaypilot.com,penbaypilot.com,2026-03-31 09:00:00,,en,1
banking compliance,"CBDT clarifies TDS on bank interest under Income Tax Act 2025: Key updates, thresholds and smart money moves | Explained - Mint",https://www.livemint.com,livemint.com,2026-03-31 08:51:13,,en,1
financial crime controls,Stablecoin Regulation in 2026: Rules Explained - Blockchain Council,https://www.blockchain-council.org,blockchain-council.org,2026-03-31 08:47:30,,en,1
cybersecurity banking,Bank of Cyprus promotes youth role in cybersecurity - Cyprus Mail,https://cyprus-mail.com,cyprus-mail.com,2026-03-31 08:24:57,,en,1
banking compliance,RBI imposes Rs 4.50 Lakh penalty on two Co-op Banks - Indian Cooperative,https://www.indiancooperative.com,indiancooperative.com,2026-03-31 08:11:21,,en,1
payment systems regulation,Next chapter in Australia’s Regulation of Payment Service Providers - Dentons,https://www.dentons.com,dentons.com,2026-03-31 07:42:34,,en,1
banking compliance,"‘Begin portfolio analysis"": DataPro advises banks as CBN orders stress test - legit.ng",https://www.legit.ng,legit.ng,2026-03-31 07:26:19,,en,1
prudential regulation,"Regulation, not demand, is driving the shape of lending - The Intermediary",https://theintermediary.co.uk,theintermediary.co.uk,2026-03-31 07:00:00,,en,1
cybersecurity banking,Bangladesh Bank issues uniform cyber security framework for financial sector - en.bd-pratidin.com,https://en.bd-pratidin.com,en.bd-pratidin.com,2026-03-31 05:28:10,,en,1
financial crime controls,Geopolitics is rewriting fintech compliance in the Middle East—Here’s what that means - Fast Company Middle East,https://fastcompanyme.com,fastcompanyme.com,2026-03-31 05:00:37,,en,1
bank enforcement action,"Massive Bank Fraud Crackdown: 1,105 Cases Probed, ₹64,920 Crore Assets Seized - The420.in",https://the420.in,the420.in,2026-03-31 04:21:17,,en,1
banking compliance,"Penalty On UBI (Rs95 lakh), BoI (Rs58 lakh), Central Bank (Rs63 Lakh) - fintechbiznews.com",https://www.fintechbiznews.com,fintechbiznews.com,2026-03-31 03:57:24,,en,1
bank enforcement action,"Over 280 supervisory, enforcement actions imposed against financial institutions in 2025, BNM says - The Edge Malaysia",https://theedgemalaysia.com,theedgemalaysia.com,2026-03-31 03:21:15,,en,1
anti money laundering,UAE: Dubai’s Financial Services Authority Clarifies AML/CTF/S Terms - HKTDC Research,https://research.hktdc.com,research.hktdc.com,2026-03-31 03:08:53,,en,1
prudential regulation,APRA finalises capital reforms for longevity products - grafa.com,https://grafa.com,grafa.com,2026-03-31 00:44:55,,en,1
prudential regulation,Challenger Welcomes APRA’s Capital Framework for Longevity Products - Sharecafe,https://www.sharecafe.com.au,sharecafe.com.au,2026-03-30 23:48:10,,en,1
anti money laundering,AML in an era of unpredictable threats - Legal Futures,https://www.legalfutures.co.uk,legalfutures.co.uk,2026-03-30 23:16:37,,en,1
prudential regulation,APRA finalises changes to capital rules for annuities and longevity products - Capital Brief,https://www.capitalbrief.com,capitalbrief.com,2026-03-30 23:05:00,,en,1
anti money laundering,AML/CTF Transitional Rules - Department of Home Affairs Website,https://www.homeaffairs.gov.au,homeaffairs.gov.au,2026-03-30 21:37:32,,en,1
anti money laundering,How to establish an anti-corruption and anti-bribery compliance program - Compliance Week,https://www.complianceweek.com,complianceweek.com,2026-03-30 17:59:49,,en,1
banking compliance,Beyond Compliance: How Financial Institutions Can Meet New Fraud-Sharing Mandates While Respecting Privacy - Group-IB,https://www.group-ib.com,group-ib.com,2026-03-30 16:41:54,,en,1
banking compliance,RBI imposes monetary penalty on Airtel Payments Bank - Zee News,https://zeenews.india.com,zeenews.india.com,2026-03-30 13:45:04,,en,1
bank enforcement action,Indian Overseas Bank Penalty Order Issued Under CGST Act for ₹8.23 Crore - InvestyWise,https://www.investywise.com,investywise.com,2026-03-30 12:49:55,,en,1
anti money laundering,Money Laundering Regulations reform - Law Society of Scotland,https://www.lawscot.org.uk,lawscot.org.uk,2026-03-30 12:42:48,,en,1
bank enforcement action,FCA Fines Dinosaur Merchant Bank for CFD Surveillance Failures - FinanceFeeds,https://financefeeds.com,financefeeds.com,2026-03-30 10:04:18,,en,1
financial crime controls,Bank Of America Faces Epstein Settlement And Paris Security Scrutiny - simplywall.st,https://simplywall.st,simplywall.st,2026-03-30 09:25:39,,en,1
banking compliance,From Complaints To Compliance: Understanding The RBI's Integrated Ombudsman Framework (Video) - Mondaq,https://www.mondaq.com,mondaq.com,2026-03-30 07:00:00,,en,1
financial crime controls,"UK, EU and US sanctions on Russia - Fieldfisher",https://www.fieldfisher.com,fieldfisher.com,2026-03-30 07:00:00,,en,1
payment systems regulation,Why Real-Time Payment Compliance Is a Competitive Advantage - Thunes,https://www.thunes.com,thunes.com,2026-03-30 03:01:51,,en,1
banking compliance,RBI imposes monetary penalty on Airtel Payments Bank - thehawk.in,https://www.thehawk.in,thehawk.in,2026-03-30 01:10:00,,en,1
payment systems regulation,"CBN, financial system and regulatory balance - Vanguard News",https://www.vanguardngr.com,vanguardngr.com,2026-03-29 23:28:19,,en,1
banking compliance,Global Crypto ATM Network: Net Removals of 597 Units Signal Compliance-Driven Contraction - Bitget,https://www.bitget.com,bitget.com,2026-03-29 14:06:39,,en,1
cybersecurity banking,"CBA, Westpac and ANZ systems at risk as tech workers strike - AFR",https://www.afr.com,afr.com,2026-03-29 13:01:00,,en,1
banking compliance,"RBI Imposes Total Penalty Of Rs 2.17 Crore On Union Bank, Bank Of India, Central Bank - Outlook Money",https://www.outlookmoney.com,outlookmoney.com,2026-03-29 10:40:01,,en,1
cybersecurity banking,Three text messages 'could empty your bank account' - Wales Online,https://www.walesonline.co.uk,walesonline.co.uk,2026-03-29 01:05:00,,en,1
cybersecurity banking,Messages 'could drain your bank account' as new alert issued - The Mirror,https://www.mirror.co.uk,mirror.co.uk,2026-03-29 00:55:00,,en,1
banking compliance,"Cyprus named in three separate non-compliance actions by European Commission - Knews, Kathimerini",https://knews.kathimerini.com.cy,knews.kathimerini.com.cy,2026-03-28 10:14:00,,en,1
payment systems regulation,"Netherlands Cryptocurrency Market 2026: Digital Finance Expansion, Regulatory Clarity & Rising Investor Adoption - vocal.media",https://vocal.media,vocal.media,2026-03-28 07:38:00,,en,1
payment systems regulation,Trump’s Powerful Bitcoin Endorsement Sparks Crypto Payment Revolution and Regulatory Debate - CryptoRank,https://cryptorank.io,cryptorank.io,2026-03-28 07:34:16,,en,1
prudential regulation,BoE revamps funding tool for banks used just once since 2008| Gulf Times - Gulf Times,https://www.gulf-times.com,gulf-times.com,2026-03-27 21:00:00,,en,1
payment systems regulation,Reserve Bank of India (RBI) announces the 'Payments Vision 2028' - Vision IAS,https://visionias.in,visionias.in,2026-03-27 18:30:00,,en,1
banking compliance,"RBI imposes penalties on Union Bank, Central Bank, Bank of India, Pine Labs - Business Standard",https://www.business-standard.com,business-standard.com,2026-03-27 14:01:15,,en,1
anti money laundering,AML beyond rules and alerts - FXStreet,https://www.fxstreet.com,fxstreet.com,2026-03-27 10:10:45,,en,1
anti money laundering,AML for Crypto Course: CPD-Accredited Online Training - West Africa Trade Hub,https://westafricatradehub.com,westafricatradehub.com,2026-03-27 08:46:49,,en,1
prudential regulation,UK watchdog hits Bank of London with new client freeze - Financial Times,https://www.ft.com,ft.com,2026-03-27 07:02:11,,en,1
cybersecurity banking,15+ Global Banks Exploring Quantum Technologies [2026] - The Quantum Insider,https://thequantuminsider.com,thequantuminsider.com,2026-03-27 07:00:00,,en,1
payment systems regulation,Building a Regulatory Framework for Online Gaming in India - orfonline.org,https://www.orfonline.org,orfonline.org,2026-03-27 05:09:07,,en,1
anti money laundering,Palantir primed to access law firm AML data - The Law Society Gazette,https://www.lawgazette.co.uk,lawgazette.co.uk,2026-03-27 00:24:25,,en,1
anti money laundering,LATEST: UK to overhaul AML rules – here are the main changes - AML Intelligence,https://www.amlintelligence.com,amlintelligence.com,2026-03-26 23:50:55,,en,1
payment systems regulation,Cryptocurrency Regulation: A Guide to U.S. & Global Policies - britannica.com,https://www.britannica.com,britannica.com,2026-03-26 22:17:00,,en,1
anti money laundering,Bodies shed light on referral issues with incoming Tranche 2 AML/CTF reforms - Accountants Daily,https://www.accountantsdaily.com.au,accountantsdaily.com.au,2026-03-26 19:51:57,,en,1
financial crime controls,US designations of cartels as FTOs: implications for companies one year on - Control Risks,https://www.controlrisks.com,controlrisks.com,2026-03-26 18:07:39,,en,1
financial crime controls,FCA ramps up AI as client use raises advice risks - Money Marketing,https://www.moneymarketing.co.uk,moneymarketing.co.uk,2026-03-26 16:19:07,,en,1
financial crime controls,UK’s FCA Says Payments Innovation Is Among Its Regulatory Priorities in 2026 - PYMNTS.com,https://www.pymnts.com,pymnts.com,2026-03-26 15:51:53,,en,1
anti money laundering,"Responsible AI, stablecoins, and gatekeepers: Charting APAC's top regulatory trends for 2026 - ComplyAdvantage",https://complyadvantage.com,complyadvantage.com,2026-03-26 15:03:43,,en,1
bank enforcement action,Milwaukee City Attorney Files One of the Largest Public Nuisance Enforcement Actions in City History - Urban Milwaukee,https://urbanmilwaukee.com,urbanmilwaukee.com,2026-03-26 14:29:00,,en,1
prudential regulation,Payday Super Readiness - Global Regulation Tomorrow,https://www.regulationtomorrow.com,regulationtomorrow.com,2026-03-26 14:25:16,,en,1
anti money laundering,"Bribery, fraud and anti-money laundering | UK Regulatory Outlook March 2026 - Osborne Clarke",https://www.osborneclarke.com,osborneclarke.com,2026-03-26 13:57:46,,en,1
anti money laundering,‘Mr. X’ Revealed: U.K. Freezes $108M in Properties Purchased by Wanted Chinese National - Organized Crime and Corruption Reporting Project | OCCRP,https://www.occrp.org,occrp.org,2026-04-02 12:12:09,,en,0
financial crime controls,Covéa Modernises Fraud Controls with Shift - Khaborwala,https://khaborwala.com,khaborwala.com,2026-04-02 12:03:33,,en,0
anti money laundering,How Journalists Can Fight Back Against the Rising Tide of Money Laundering - Global Investigative Journalism Network (GIJN),https://gijn.org,gijn.org,2026-04-02 08:46:45,,en,0
financial crime controls,Directive 11 takes effect as FIC opens detailed RCR guidance for comment - Moonstone Information Refinery,https://www.moonstone.co.za,moonstone.co.za,2026-04-02 08:13:00,,en,0
financial crime controls,Oh BOI: Reforming Financial Reporting - Cato Institute,https://www.cato.org,cato.org,2026-04-02 07:22:49,,en,0
cybersecurity banking,Dubai launches ‘Amer’ cybersecurity reporting service to combat online fraud - Gulf News,https://gulfnews.com,gulfnews.com,2026-04-02 05:07:55,,en,0
payment systems regulation,Bullock moves to arrest systemic gouging of payments - The Mandarin,https://www.themandarin.com.au,themandarin.com.au,2026-04-01 19:13:10,,en,0
payment systems regulation,Global payment systems are fragmenting. Here’s what the G20 can do. - Atlantic Council,https://www.atlanticcouncil.org,atlanticcouncil.org,2026-04-01 19:09:00,,en,0
payment systems regulation,When Instant Payments Meet Digital Dollars - FinTech Weekly,https://www.fintechweekly.com,fintechweekly.com,2026-04-01 18:38:00,,en,0
prudential regulation,Lenders to have greater flexibility offering higher loan to income mortgages - London Evening Standard,https://www.standard.co.uk,standard.co.uk,2026-04-01 18:14:54,,en,0
financial crime controls,When rape is not 'just' a crime - The Financial Express,https://today.thefinancialexpress.com.bd,today.thefinancialexpress.com.bd,2026-04-01 18:11:15,,en,0
anti money laundering,Fed's Barr Says Stablecoins Need Tighter Controls to Fight Money Laundering - Decrypt,https://decrypt.co,decrypt.co,2026-04-01 18:05:57,,en,0
anti money laundering,Fed's Barr Says Stablecoins Need Tighter Controls to Fight Money Laundering - Yahoo Finance,https://finance.yahoo.com,finance.yahoo.com,2026-04-01 18:05:57,,en,0
financial crime controls,UiPath Launches Agentic AI Solutions to Tackle Financial Crime and Accelerate Lending - The Fintech Times,https://thefintechtimes.com,thefintechtimes.com,2026-04-01 18:00:04,,en,0
anti money laundering,Recognizing Signs of Money Laundering - Wealth Management,https://www.wealthmanagement.com,wealthmanagement.com,2026-04-01 13:57:06,,en,0
anti money laundering,IMF Urges Stronger Oversight of Anti-Money Laundering Framework - curacaochronicle.com,https://www.curacaochronicle.com,curacaochronicle.com,2026-04-01 13:46:09,,en,0
prudential regulation,Regulator consults on high LTI mortgage rules - mpamag.com,https://www.mpamag.com,mpamag.com,2026-04-01 13:04:45,,en,0
cybersecurity banking,Sattrix Secures Rs 9.30 Cr Cybersecurity Contract from SBI; Stock Gains 249% in a Year - Trade Brains,https://tradebrains.in,tradebrains.in,2026-04-01 11:41:00,,en,0
prudential regulation,New FCA Operational Incident & Third‑Party Reporting Rules: What You Need to Know - facilitiesmanagement-now.com,https://www.facilitiesmanagement-now.com,facilitiesmanagement-now.com,2026-04-01 11:31:05,,en,0
prudential regulation,Regulators consult to permanently scrap high-LTI cap - mortgagesolutions.co.uk,https://www.mortgagesolutions.co.uk,mortgagesolutions.co.uk,2026-04-01 11:12:41,,en,0
payment systems regulation,AI Casino Scam Exposed Targeting UK Gamblers - The Eastern Herald,https://easternherald.com,easternherald.com,2026-04-01 10:41:40,,en,0
financial crime controls,The new competitive advantage - UKTN,https://www.uktech.news,uktech.news,2026-04-01 10:00:51,,en,0
financial crime controls,Economic crime reset: New laws and tools — Leonard Yeoh and Sharon Teo - Malay Mail,https://www.malaymail.com,malaymail.com,2026-04-01 10:00:19,,en,0
cybersecurity banking,"Synology reports that cyber attacks in Thailand have exceeded 109,000, 164% higher than the global average. - วารสารการเงินธนาคาร",https://moneyandbanking.co.th,moneyandbanking.co.th,2026-04-01 09:46:00,,en,0
payment systems regulation,RBI May Regulate E-Commerce in Payments Ecosystem - MediaNama,https://www.medianama.com,medianama.com,2026-04-01 06:34:39,,en,0
prudential regulation,Australian regulator imposes additional licence conditions on Fiducian - FX News Group,https://fxnewsgroup.com,fxnewsgroup.com,2026-04-01 05:50:13,,en,0
prudential regulation,"Fiducian rejects APRA concerns, says processes blocked Shield and First Guardian - Professional Planner",https://www.professionalplanner.com.au,professionalplanner.com.au,2026-04-01 05:24:12,,en,0
anti money laundering,"New Powers to Tackle Money Laundering, Terror Funding - Mirage News",https://www.miragenews.com,miragenews.com,2026-04-01 05:23:00,,en,0
anti money laundering,New anti-corruption rules only a 'first step' - EU Reporter,https://www.eureporter.co,eureporter.co,2026-04-01 05:01:59,,en,0
payment systems regulation,"Flexa Retires SPEDN After 7 Years, Shifts to Scalable Crypto Payment Infrastructure - Cryptonews.net",https://cryptonews.net,cryptonews.net,2026-04-01 03:05:47,,en,0
financial crime controls,The Lifeblood of Recovery: Venezuela and the Global Financial System - FTI Consulting,https://www.fticonsulting.com,fticonsulting.com,2026-04-01 01:04:10,,en,0
prudential regulation,Challenger and Allianz Retire+ welcome APRA’s retirement income reforms - superreview.com.au,https://www.superreview.com.au,superreview.com.au,2026-03-31 22:59:59,,en,0
anti money laundering,"Heist Highlights Need for US Oversight of Art Market, Anti-Money Laundering, Experts Say - Law.com",https://www.law.com,law.com,2026-03-31 21:50:00,,en,0
payment systems regulation,Spanish payment controls are making it harder for offshore casinos to operate - Yogonet,https://www.yogonet.com,yogonet.com,2026-03-31 21:02:45,,en,0
anti money laundering,The Financial Action Task Force: An Accountability Mechanism for the United States - Just Security,https://www.justsecurity.org,justsecurity.org,2026-03-31 19:14:03,,en,0
cybersecurity banking,"Cybersecurity Firm TAC Security Surpasses 10,000 Clients, Emerges Among the Top 5 Vulnerability Management, AppSec Companies Globally - Business Wire",https://www.businesswire.com,businesswire.com,2026-03-31 17:37:00,,en,0
prudential regulation,Total Voting Rights - The Manila Times,https://www.manilatimes.net,manilatimes.net,2026-03-31 17:15:44,,en,0
banking compliance,"RBI Penalties on PSBs Raise Questions on Accountability, Says Devidas Tuljapurkar - Thekanal",https://thekanal.in,thekanal.in,2026-03-31 13:50:27,,en,0
prudential regulation,Russia moves to narrow crypto trading to regulated intermediaries - TradingView,https://www.tradingview.com,tradingview.com,2026-03-31 10:40:50,,en,0
financial crime controls,Financial reporting judgements under increased scrutiny - Crowe,https://www.crowe.com,crowe.com,2026-03-31 10:02:29,,en,0
anti money laundering,Nigeria’s New Anti-Money Laundering Rules Ranked Among World’s Best – Report - nigeriahousingmarket.com,https://www.nigeriahousingmarket.com,nigeriahousingmarket.com,2026-03-31 09:24:43,,en,0
cybersecurity banking,India's critical infrastructure faces rising cyber threats from state actors - Indiatimes,https://enterpriseai.economictimes.indiatimes.com,enterpriseai.economictimes.indiatimes.com,2026-03-31 09:09:17,,en,0
financial crime controls,AI in Internal Security India’s Predictive Policing and Cybercrime Control Framework - Vajiram & Ravi,https://vajiramandravi.com,vajiramandravi.com,2026-03-31 07:12:27,,en,0
payment systems regulation,RBI Payments Vision 2028: Analysis and Key Takeaways - Nasscom,https://community.nasscom.in,community.nasscom.in,2026-03-31 07:07:14,,en,0
anti money laundering,Analysis of the Draft Anti-Corruption Strategy for 2026–2030 - Transparency International Ukraine,https://ti-ukraine.org,ti-ukraine.org,2026-03-31 07:00:00,,en,0
anti money laundering,"Authorities intensify money laundering probe against Deuba, his family members and relatives - The Kathmandu Post",https://kathmandupost.com,kathmandupost.com,2026-03-31 01:23:14,,en,0
payment systems regulation,"RBA to remove surcharges on debit, credit cards, card networks including eftpos, Mastercard and Visa - Australian Broadcasting Corporation",https://www.abc.net.au,abc.net.au,2026-03-30 23:16:04,,en,0
anti money laundering,FinCEN Targets MBaer with Most Severe Section 311 Measure - JD Supra,https://www.jdsupra.com,jdsupra.com,2026-03-30 22:53:06,,en,0
anti money laundering,What Australia’s new anti-money laundering rules could mean for your business - SmartCompany,https://www.smartcompany.com.au,smartcompany.com.au,2026-03-30 22:43:26,,en,0
prudential regulation,APRA pulls data submission system after security pentest - iTnews,https://www.itnews.com.au,itnews.com.au,2026-03-30 19:32:00,,en,0
prudential regulation,APRA looks internally to fill exec director roles - Financial Newswire,https://financialnewswire.com.au,financialnewswire.com.au,2026-03-30 19:24:42,,en,0
financial crime controls,FCA Consults on the Handbook’s Application to Regulated Cryptoassets - Burges Salmon,https://www.burges-salmon.com,burges-salmon.com,2026-03-30 13:49:01,,en,0
financial crime controls,UK's New Fraud Law Raises the Stakes for Indian Companies — Here's How - NDTV Profit,https://www.ndtvprofit.com,ndtvprofit.com,2026-03-30 11:32:45,,en,0
payment systems regulation,Who Regulates Online Casinos? Licensing Authorities and Oversight Systems Explained - MKAU Gaming,https://www.mkaugaming.com,mkaugaming.com,2026-03-30 10:25:14,,en,0
cybersecurity banking,"Lloyds Data Security Incident Impacts 450,000 Individuals - SecurityWeek",https://www.securityweek.com,securityweek.com,2026-03-30 10:08:07,,en,0
financial crime controls,Controls must not become our constraints - African Law & Business,https://www.africanlawbusiness.com,africanlawbusiness.com,2026-03-30 06:30:00,,en,0
prudential regulation,APRA adjusts executive ranks with dual director promotions - Insurance Business,https://www.insurancebusinessmag.com,insurancebusinessmag.com,2026-03-30 06:24:35,,en,0
payment systems regulation,What changes will RBI’s new rules bring to digital payments from April 1? - The Economic Times,https://m.economictimes.com,m.economictimes.com,2026-03-30 04:58:20,,en,0
payment systems regulation,From e-cheques to payment ‘off switches’: RBI’s 2028 plan explained simply - Upstox,https://upstox.com,upstox.com,2026-03-30 02:32:11,,en,0
financial crime controls,FCMB limits exposure in Fraud attempt - pmnewsnigeria.com,https://pmnewsnigeria.com,pmnewsnigeria.com,2026-03-29 16:16:21,,en,0
anti money laundering,Nepal arrests former energy minister in money laundering probe - TRT World,https://www.trtworld.com,trtworld.com,2026-03-29 07:59:33,,en,0
financial crime controls,Pennsylvania man charged with stealing from NYC clothing company - National Today,https://nationaltoday.com,nationaltoday.com,2026-03-29 05:27:37,,en,0
financial crime controls,"End of Financial Year: Kerala govt tightens treasury controls, caps bill clearance at Rs 25 lakh - Mathrubhumi English",https://english.mathrubhumi.com,english.mathrubhumi.com,2026-03-29 03:54:00,,en,0
anti money laundering,Beyond Diplomatic Assurances: Why Bangladesh Must Hold Its Embassies Accountable on Money Laundering - South Asian Herald,https://southasianherald.com,southasianherald.com,2026-03-29 03:11:55,,en,0
anti money laundering,The fugitive who bought seven London flats in one day for £11.5m - The Times,https://www.thetimes.com,thetimes.com,2026-03-28 20:20:08,,en,0
payment systems regulation,"RBI Unveils E-Cheques, Expands Digital Payment Oversight - Whalesbook",https://www.whalesbook.com,whalesbook.com,2026-03-28 17:51:46,,en,0
cybersecurity banking,"Unicorn startups in Israel (Mar, 2026) - Tracxn",https://tracxn.com,tracxn.com,2026-03-28 17:26:44,,en,0
bank enforcement action,"Rs 23,000 Crore Online Betting–Fintech Network Under Probe - Republic World",https://www.republicworld.com,republicworld.com,2026-03-28 13:24:37,,en,0
cybersecurity banking,Make cybersecurity core business infrastructure - GAB - GhanaWeb,http://www.ghanaweb.com,ghanaweb.com,2026-03-28 10:22:43,,en,0
cybersecurity banking,IBEX India 2026: Anchoring the Next Phase of BFSI Innovation - TheWire.in,https://m.thewire.in,m.thewire.in,2026-03-28 09:54:12,,en,0
anti money laundering,Hamza Ali Abbasi distances himself from sister Fazeela Abbasi’s money laundering case - Dawn Images,https://images.dawn.com,images.dawn.com,2026-03-28 08:01:00,,en,0
anti money laundering,Singer Gims charged with 'aggravated money laundering' - Le Monde.fr,https://www.lemonde.fr,lemonde.fr,2026-03-28 03:17:30,,en,0
financial crime controls,Unpacking a year of SA being greylisted - businessreport.co.za,https://businessreport.co.za,businessreport.co.za,2026-03-28 02:32:34,,en,0
financial crime controls,Major Operation Targets One Of Scotland’s Most Violent Crime Networks - Eurasia Review,https://www.eurasiareview.com,eurasiareview.com,2026-03-27 23:30:06,,en,0
anti money laundering,FinCEN’s anti-money laundering rule struck down — now what? - HousingWire,https://www.housingwire.com,housingwire.com,2026-03-27 18:02:05,,en,0
anti money laundering,Togo reviews NGO oversight under anti-money laundering reforms - Togo First,https://www.togofirst.com,togofirst.com,2026-03-27 12:14:52,,en,0
prudential regulation,Climate stress test flags growing home insurance fault line - The Adviser,https://www.theadviser.com.au,theadviser.com.au,2026-03-26 21:25:17,,en,0
anti money laundering,The privacy paradox: regulating zero-knowledge finance in the EU and beyond - CoinDesk,https://www.coindesk.com,coindesk.com,2026-03-26 14:32:17,,en,0
